{
	"data": [
		{
			"id": "1000",
			"code": "SLK-P01",
			"name": "Katan Silk Plain",
			"description": "Product Description",
			"image": "SLK-P01.jpg",
			"price": 65,
			"category": "Fabric",
			"quantity": 24,
			"inventoryStatus": "INSTOCK",
			"rating": 5
		},
		{
			"id": "1001",
			"code": "nvklal433",
			"name": "Katan Satin Silk",
			"description": "Product Description",
			"image": "SLK-ST01.jpg",
			"price": 72,
			"category": "Fabric",
			"quantity": 61,
			"inventoryStatus": "INSTOCK",
			"rating": 4
		},
		{
			"id": "1002",
			"code": "zz21cz3c1",
			"name": "Katan Meena",
			"description": "Product Description",
			"image": "SLK-STR01.jpg",
			"price": 79,
			"category": "Fitness",
			"quantity": 2,
			"inventoryStatus": "LOWSTOCK",
			"rating": 3
		},
		{
			"id": "1003",
			"code": "244wgerg2",
			"name": "Katan Self",
			"description": "Product Description",
			"image": "SLK-ST02.jpg",
			"price": 29,
			"category": "Clothing",
			"quantity": 25,
			"inventoryStatus": "INSTOCK",
			"rating": 5
		},
		{
			"id": "1004",
			"code": "h456wer53",
			"name": "Katan Satin",
			"description": "Product Description",
			"image": "SLK-ST02.jpg",
			"price": 15,
			"category": "Accessories",
			"quantity": 73,
			"inventoryStatus": "INSTOCK",
			"rating": 4
		},
		{
			"id": "1005",
			"code": "av2231fwg",
			"name": "Multi-color Strip",
			"description": "Product Description",
			"image": "SLK-STR02.jpg",
			"price": 120,
			"category": "Fabric",
			"quantity": 0,
			"inventoryStatus": "OUTOFSTOCK",
			"rating": 4
		},
		{
			"id": "1006",
			"code": "bib36pfvm",
			"name": "Plain Silk - Rose",
			"description": "Product Description",
			"image": "SLK-P02.jpg",
			"price": 32,
			"category": "Fabric",
			"quantity": 5,
			"inventoryStatus": "LOWSTOCK",
			"rating": 3
		},
		{
			"id": "1007",
			"code": "mbvjkgip5",
			"name": "Pashmeena Silk",
			"description": "Product Description",
			"image": "SLK-STR03.jpg",
			"price": 34,
			"category": "Fabric",
			"quantity": 23,
			"inventoryStatus": "INSTOCK",
			"rating": 5
		},
		{
			"id": "1008",
			"code": "vbb124btr",
			"name": "Pure Satin Silk - Bluish Gray",
			"description": "Product Description",
			"image": "SLK-ST02.jpg",
			"price": 99,
			"category": "Fabric",
			"quantity": 2,
			"inventoryStatus": "LOWSTOCK",
			"rating": 4
		},
		{
			"id": "1009",
			"code": "cm230f032",
			"name": "Bamber Self",
			"description": "Product Description",
			"image": "SLK-ST01.jpg",
			"price": 299,
			"category": "Fabric",
			"quantity": 63,
			"inventoryStatus": "INSTOCK",
			"rating": 3
		}
	]
}